{
    "scans": {
        "Bkav": {
            "detected": false,
            "version": "1.3.0.9899",
            "result": null,
            "update": "20200728"
        },
        "TotalDefense": {
            "detected": false,
            "version": "37.1.62.1",
            "result": null,
            "update": "20200728"
        },
        "MicroWorld-eScan": {
            "detected": false,
            "version": "14.0.409.0",
            "result": null,
            "update": "20200728"
        },
        "FireEye": {
            "detected": false,
            "version": "32.36.1.0",
            "result": null,
            "update": "20200728"
        },
        "CAT-QuickHeal": {
            "detected": false,
            "version": "14.00",
            "result": null,
            "update": "20200728"
        },
        "McAfee": {
            "detected": false,
            "version": "6.0.6.653",
            "result": null,
            "update": "20200728"
        },
        "Malwarebytes": {
            "detected": false,
            "version": "3.6.4.335",
            "result": null,
            "update": "20200728"
        },
        "Zillya": {
            "detected": false,
            "version": "2.0.0.4139",
            "result": null,
            "update": "20200728"
        },
        "SUPERAntiSpyware": {
            "detected": false,
            "version": "5.6.0.1032",
            "result": null,
            "update": "20200724"
        },
        "Sangfor": {
            "detected": false,
            "version": "1.0",
            "result": null,
            "update": "20200423"
        },
        "K7AntiVirus": {
            "detected": false,
            "version": "11.126.34829",
            "result": null,
            "update": "20200728"
        },
        "K7GW": {
            "detected": false,
            "version": "11.127.34842",
            "result": null,
            "update": "20200728"
        },
        "Baidu": {
            "detected": false,
            "version": "1.0.0.2",
            "result": null,
            "update": "20190318"
        },
        "F-Prot": {
            "detected": false,
            "version": "4.7.1.166",
            "result": null,
            "update": "20200728"
        },
        "Symantec": {
            "detected": false,
            "version": "1.11.0.0",
            "result": null,
            "update": "20200728"
        },
        "ESET-NOD32": {
            "detected": false,
            "version": "21731",
            "result": null,
            "update": "20200728"
        },
        "TrendMicro-HouseCall": {
            "detected": false,
            "version": "10.0.0.1040",
            "result": null,
            "update": "20200728"
        },
        "Avast": {
            "detected": false,
            "version": "18.4.3895.0",
            "result": null,
            "update": "20200728"
        },
        "ClamAV": {
            "detected": false,
            "version": "0.102.4.0",
            "result": null,
            "update": "20200728"
        },
        "Kaspersky": {
            "detected": false,
            "version": "15.0.1.13",
            "result": null,
            "update": "20200728"
        },
        "BitDefender": {
            "detected": false,
            "version": "7.2",
            "result": null,
            "update": "20200728"
        },
        "NANO-Antivirus": {
            "detected": false,
            "version": "1.0.134.25119",
            "result": null,
            "update": "20200728"
        },
        "ViRobot": {
            "detected": false,
            "version": "2014.3.20.0",
            "result": null,
            "update": "20200728"
        },
        "Rising": {
            "detected": false,
            "version": "25.0.0.26",
            "result": null,
            "update": "20200728"
        },
        "Ad-Aware": {
            "detected": false,
            "version": "3.0.5.370",
            "result": null,
            "update": "20200728"
        },
        "TACHYON": {
            "detected": false,
            "version": "2020-07-28.03",
            "result": null,
            "update": "20200728"
        },
        "Sophos": {
            "detected": false,
            "version": "4.98.0",
            "result": null,
            "update": "20200728"
        },
        "Comodo": {
            "detected": false,
            "version": "32668",
            "result": null,
            "update": "20200728"
        },
        "F-Secure": {
            "detected": false,
            "version": "12.0.86.52",
            "result": null,
            "update": "20200728"
        },
        "DrWeb": {
            "detected": false,
            "version": "7.0.46.3050",
            "result": null,
            "update": "20200728"
        },
        "VIPRE": {
            "detected": false,
            "version": "85544",
            "result": null,
            "update": "20200728"
        },
        "TrendMicro": {
            "detected": false,
            "version": "11.0.0.1006",
            "result": null,
            "update": "20200728"
        },
        "CMC": {
            "detected": false,
            "version": "2.7.2019.1",
            "result": null,
            "update": "20200728"
        },
        "Emsisoft": {
            "detected": false,
            "version": "2018.12.0.1641",
            "result": null,
            "update": "20200728"
        },
        "SentinelOne": {
            "detected": false,
            "version": "4.4.0.0",
            "result": null,
            "update": "20200725"
        },
        "Cyren": {
            "detected": false,
            "version": "6.3.0.2",
            "result": null,
            "update": "20200728"
        },
        "Jiangmin": {
            "detected": false,
            "version": "16.0.100",
            "result": null,
            "update": "20200728"
        },
        "Avira": {
            "detected": false,
            "version": "8.3.3.8",
            "result": null,
            "update": "20200728"
        },
        "Fortinet": {
            "detected": false,
            "version": "6.2.142.0",
            "result": null,
            "update": "20200728"
        },
        "Antiy-AVL": {
            "detected": false,
            "version": "3.0.0.1",
            "result": null,
            "update": "20200728"
        },
        "Kingsoft": {
            "detected": false,
            "version": "2013.8.14.323",
            "result": null,
            "update": "20200729"
        },
        "Arcabit": {
            "detected": false,
            "version": "1.0.0.877",
            "result": null,
            "update": "20200728"
        },
        "AegisLab": {
            "detected": false,
            "version": "4.2",
            "result": null,
            "update": "20200728"
        },
        "ZoneAlarm": {
            "detected": false,
            "version": "1.0",
            "result": null,
            "update": "20200728"
        },
        "Avast-Mobile": {
            "detected": false,
            "version": "200728-00",
            "result": null,
            "update": "20200728"
        },
        "Microsoft": {
            "detected": false,
            "version": "1.1.17300.4",
            "result": null,
            "update": "20200728"
        },
        "Cynet": {
            "detected": false,
            "version": "4.0.0.24",
            "result": null,
            "update": "20200728"
        },
        "AhnLab-V3": {
            "detected": false,
            "version": "3.18.1.10026",
            "result": null,
            "update": "20200728"
        },
        "BitDefenderTheta": {
            "detected": false,
            "version": "7.2.37796.0",
            "result": null,
            "update": "20200722"
        },
        "ALYac": {
            "detected": false,
            "version": "1.1.1.5",
            "result": null,
            "update": "20200728"
        },
        "MAX": {
            "detected": false,
            "version": "2019.9.16.1",
            "result": null,
            "update": "20200729"
        },
        "VBA32": {
            "detected": false,
            "version": "4.4.1",
            "result": null,
            "update": "20200728"
        },
        "Zoner": {
            "detected": false,
            "version": "0.0.0.0",
            "result": null,
            "update": "20200728"
        },
        "Tencent": {
            "detected": false,
            "version": "1.0.0.1",
            "result": null,
            "update": "20200729"
        },
        "Yandex": {
            "detected": false,
            "version": "5.5.2.24",
            "result": null,
            "update": "20200707"
        },
        "Ikarus": {
            "detected": false,
            "version": "0.1.5.2",
            "result": null,
            "update": "20200728"
        },
        "MaxSecure": {
            "detected": false,
            "version": "1.0.0.1",
            "result": null,
            "update": "20200622"
        },
        "GData": {
            "detected": false,
            "version": "A:25.26384B:27.19614",
            "result": null,
            "update": "20200728"
        },
        "AVG": {
            "detected": false,
            "version": "18.4.3895.0",
            "result": null,
            "update": "20200728"
        },
        "Panda": {
            "detected": false,
            "version": "4.6.4.2",
            "result": null,
            "update": "20200728"
        },
        "Qihoo-360": {
            "detected": false,
            "version": "1.0.0.1120",
            "result": null,
            "update": "20200729"
        }
    },
    "scan_id": "b797c21aaf7dad1927c329f8f31ad2a23ee42d5b13ccd0ec6c64c3bc21a64e50-1595973688",
    "sha1": "67106d4d95f872e83d38d151abc56dd6b6091d81",
    "resource": "b797c21aaf7dad1927c329f8f31ad2a23ee42d5b13ccd0ec6c64c3bc21a64e50",
    "response_code": 1,
    "scan_date": "2020-07-28 22:01:28",
    "permalink": "https://www.virustotal.com/gui/file/b797c21aaf7dad1927c329f8f31ad2a23ee42d5b13ccd0ec6c64c3bc21a64e50/detection/f-b797c21aaf7dad1927c329f8f31ad2a23ee42d5b13ccd0ec6c64c3bc21a64e50-1595973688",
    "verbose_msg": "Scan finished, information embedded",
    "total": 61,
    "positives": 0,
    "sha256": "b797c21aaf7dad1927c329f8f31ad2a23ee42d5b13ccd0ec6c64c3bc21a64e50",
    "md5": "abff64b42f13b6b0972f2c1970f1649e"
}